dataset,classifier,method,n_selected,n_total,accuracy,fitness,runtime,reduction_ratio,interventions
breast_cancer,knn,native,30,30,0.9590643274853801,0.04477531645569632,0.5437116622924805,0.0,0
breast_cancer,knn,pure_dra,21,30,0.9415204678362573,0.03178132911392406,40.42781138420105,0.30000000000000004,0
breast_cancer,knn,hybrid,21,30,0.9532163742690059,0.029306329113923946,73.11498761177063,0.30000000000000004,2
