method,dataset,classifier,mean_fitness,std_fitness,mean_accuracy,std_accuracy,mean_features,mean_runtime,n_runs
baseline,heart_failure,knn,0.11659117305458777,0.0,0.8222222222222222,0.0,4.0,12.578171014785767,1
baseline,heart_failure,rf,0.11659117305458777,0.0,0.8222222222222222,0.0,4.0,13.851595163345337,1
baseline,mobile_price,knn,0.22283571428571425,0.0,0.7866666666666666,0.0,3.0,87.24213743209839,1
baseline,mobile_price,rf,0.22283571428571425,0.0,0.7866666666666666,0.0,3.0,95.83763575553894,1
baseline,breast_cancer,knn,0.03017732067510559,0.0,0.9473684210526315,0.0,16.0,66.99958801269531,1
baseline,breast_cancer,rf,0.03017732067510559,0.0,0.9473684210526315,0.0,16.0,72.86188626289368,1
